{
  "model": "graphsage_pyg",
  "feature_set": "all",
  "n_features": 165,
  "hidden_channels": 128,
  "num_layers": 2,
  "num_neighbors": [
    25,
    15
  ],
  "batch_size": 1024,
  "epochs": 12,
  "lr": 0.001,
  "pr_auc": 0.6315618286349499,
  "roc_auc": 0.9034811960934608,
  "target_precision": 0.8,
  "at_target_precision": {
    "threshold": 0.8676409721374512,
    "precision": 0.800599700149925,
    "recall": 0.4930747922437673
  },
  "train_pos_rate": 0.11580919248009634,
  "test_pos_rate": 0.06496700659868027
}