{
  "model_name": "histgb_weighted",
  "feature_set": "local",
  "n_train": 29894,
  "n_test": 16670,
  "n_features": 94,
  "train_pos_rate": 0.11580919248009634,
  "test_pos_rate": 0.06496700659868027,
  "pr_auc": 0.7851167968983737,
  "roc_auc": 0.9271810724198333,
  "best_f1": {
    "threshold": 0.8697513900483158,
    "precision": 0.917910447761194,
    "recall": 0.6814404432132964,
    "f1": 0.7821939586640578
  },
  "target_precision": 0.8,
  "threshold_at_target_precision": {
    "threshold": 0.7317122996197087,
    "precision": 0.8002070393374742,
    "recall": 0.7137580794090489
  },
  "eval_at_best_f1": {
    "threshold": 0.8697513900483158,
    "precision": 0.917910447761194,
    "recall": 0.6814404432132964,
    "f1": 0.7821939586645469,
    "tp": 738,
    "fp": 66,
    "tn": 15521,
    "fn": 345
  },
  "eval_at_target_precision": {
    "threshold": 0.7317122996197087,
    "precision": 0.8002070393374742,
    "recall": 0.7137580794090489,
    "f1": 0.7545143972669595,
    "tp": 773,
    "fp": 193,
    "tn": 15394,
    "fn": 310
  },
  "pr_auc_by_time_step_path": "reports\\metrics\\pr_auc_by_time_step_histgb_weighted_local.csv"
}