{
  "model": "graphsage_pyg",
  "feature_set": "local",
  "n_features": 94,
  "hidden_channels": 128,
  "num_layers": 2,
  "num_neighbors": [
    15,
    10
  ],
  "batch_size": 1024,
  "epochs": 50,
  "lr": 0.001,
  "pr_auc": 0.48287548914664113,
  "roc_auc": 0.9058187739729836,
  "target_precision": 0.8,
  "at_target_precision": {
    "threshold": 1.0,
    "precision": 1.0,
    "recall": 0.0
  },
  "train_pos_rate": 0.11580919248009634,
  "test_pos_rate": 0.06496700659868027
}