{
  "model_name": "xgboost",
  "feature_set": "local",
  "n_train": 29894,
  "n_test": 16670,
  "n_features": 94,
  "train_pos_rate": 0.11580919248009634,
  "test_pos_rate": 0.06496700659868027,
  "pr_auc": 0.789923959197234,
  "roc_auc": 0.9309987411082736,
  "best_f1": {
    "threshold": 0.8753173351287842,
    "precision": 0.924812030075188,
    "recall": 0.6814404432132964,
    "f1": 0.7846889952148224
  },
  "target_precision": 0.8,
  "threshold_at_target_precision": {
    "threshold": 0.6623578667640686,
    "precision": 0.8002070393374742,
    "recall": 0.7137580794090489
  },
  "eval_at_best_f1": {
    "threshold": 0.8753173351287842,
    "precision": 0.924812030075188,
    "recall": 0.6814404432132964,
    "f1": 0.784688995215311,
    "tp": 738,
    "fp": 60,
    "tn": 15527,
    "fn": 345
  },
  "eval_at_target_precision": {
    "threshold": 0.6623578667640686,
    "precision": 0.8002070393374742,
    "recall": 0.7137580794090489,
    "f1": 0.7545143972669595,
    "tp": 773,
    "fp": 193,
    "tn": 15394,
    "fn": 310
  },
  "pr_auc_by_time_step_path": "reports\\metrics\\pr_auc_by_time_step_xgboost_local.csv"
}