{
  "model": "graphsage_pyg",
  "feature_set": "local",
  "n_features": 94,
  "hidden_channels": 128,
  "num_layers": 2,
  "num_neighbors": [
    15,
    10
  ],
  "batch_size": 1024,
  "epochs": 12,
  "lr": 0.001,
  "undirected": false,
  "normalize": false,
  "pretrained": "",
  "used_pretrained_scaler": false,
  "train_pos_rate": 0.10882832341457867,
  "val_pos_rate": 0.1682322801024765,
  "test_pos_rate": 0.06496700659868027,
  "val_pr_auc_best": 0.8117096375258362,
  "test_pr_auc": 0.6110935364431604,
  "test_roc_auc": 0.8793087688612352,
  "target_precision": 0.8,
  "at_target_precision": {
    "threshold": 0.93332839012146,
    "precision": 0.8,
    "recall": 0.39519852262234534
  },
  "eval_mode": "sampled"
}