{
  "model": "graphsage_pyg",
  "feature_set": "local",
  "n_features": 94,
  "hidden_channels": 128,
  "num_layers": 2,
  "num_neighbors": [
    25,
    15
  ],
  "batch_size": 1024,
  "epochs": 24,
  "lr": 0.001,
  "pr_auc": 0.6458897815484468,
  "roc_auc": 0.9040297508619448,
  "target_precision": 0.8,
  "at_target_precision": {
    "threshold": 0.9309301376342773,
    "precision": 0.8,
    "recall": 0.5318559556786704
  },
  "train_pos_rate": 0.11580919248009634,
  "test_pos_rate": 0.06496700659868027
}