{
  "model_name": "xgboost",
  "feature_set": "all",
  "n_train": 29894,
  "n_test": 16670,
  "n_features": 165,
  "train_pos_rate": 0.11580919248009634,
  "test_pos_rate": 0.06496700659868027,
  "pr_auc": 0.803546132266263,
  "roc_auc": 0.9355597429754333,
  "best_f1": {
    "threshold": 0.818430483341217,
    "precision": 0.9641089108910891,
    "recall": 0.7192982456140351,
    "f1": 0.8239026969852323
  },
  "target_precision": 0.8,
  "threshold_at_target_precision": {
    "threshold": 0.4035678803920746,
    "precision": 0.8,
    "recall": 0.7386888273314867
  },
  "eval_at_best_f1": {
    "threshold": 0.818430483341217,
    "precision": 0.9641089108910891,
    "recall": 0.7192982456140351,
    "f1": 0.8239026969857218,
    "tp": 779,
    "fp": 29,
    "tn": 15558,
    "fn": 304
  },
  "eval_at_target_precision": {
    "threshold": 0.4035678803920746,
    "precision": 0.8,
    "recall": 0.7386888273314867,
    "f1": 0.7681228996639462,
    "tp": 800,
    "fp": 200,
    "tn": 15387,
    "fn": 283
  },
  "pr_auc_by_time_step_path": "reports\\metrics\\pr_auc_by_time_step_xgboost_all.csv"
}