{
  "model_name": "histgb_weighted",
  "feature_set": "all",
  "n_train": 29894,
  "n_test": 16670,
  "n_features": 165,
  "train_pos_rate": 0.11580919248009634,
  "test_pos_rate": 0.06496700659868027,
  "pr_auc": 0.7997933052048067,
  "roc_auc": 0.9326768092429227,
  "best_f1": {
    "threshold": 0.8958046844646086,
    "precision": 0.9783715012722646,
    "recall": 0.7100646352723915,
    "f1": 0.8228999464949647
  },
  "target_precision": 0.8,
  "threshold_at_target_precision": {
    "threshold": 0.5596767631014745,
    "precision": 0.8,
    "recall": 0.7349953831948292
  },
  "eval_at_best_f1": {
    "threshold": 0.8958046844646086,
    "precision": 0.9783715012722646,
    "recall": 0.7100646352723915,
    "f1": 0.8228999464954521,
    "tp": 769,
    "fp": 17,
    "tn": 15570,
    "fn": 314
  },
  "eval_at_target_precision": {
    "threshold": 0.5596767631014745,
    "precision": 0.8,
    "recall": 0.7349953831948292,
    "f1": 0.766121270452358,
    "tp": 796,
    "fp": 199,
    "tn": 15388,
    "fn": 287
  },
  "pr_auc_by_time_step_path": "reports\\metrics\\pr_auc_by_time_step_histgb_weighted_all.csv"
}