time_step,pr_auc
35,0.9479069183118426
36,0.7134251117144907
37,0.7135341078262469
38,0.7977761634522027
39,0.810425161408915
40,0.6968326378169778
41,0.8107788840490838
42,0.8602201368942465
43,0.03119113397221455
44,0.03308214932862871
45,0.012184487712149023
46,0.007303639846743294
47,0.03688335284086481
48,0.13667253497036094
49,0.1535415992545717
