time_step,pr_auc
35,0.9025465685371645
36,0.6893786679766202
37,0.7765641518102638
38,0.8181798178085786
39,0.7992597658604567
40,0.6700939582069099
41,0.824170140518362
42,0.8239581476689956
43,0.02153816597443155
44,0.03554110798293726
45,0.010541303105849411
46,0.2554945054945055
47,0.0434441546062516
48,0.17278795707560912
49,0.23785765873714335
