time_step,pr_auc,n,pos
35,0.8988743190984135,1341,182
36,0.1775428206797143,1708,33
37,0.45590389102352574,498,40
38,0.5720820983723929,756,111
39,0.5046651503787233,1183,81
40,0.6120605149480037,1211,112
41,0.7641112055731125,1132,116
42,0.8755464036118138,2154,239
43,0.0202787082346377,1370,24
44,0.04952095854740152,1591,24
45,0.01872362145477361,1221,5
46,0.008270202020202021,712,2
47,0.05139829118626353,846,22
48,0.2082172369715176,471,36
49,0.08353603170846359,476,56
