time_step,pr_auc
35,0.947229232030411
36,0.7936791536925728
37,0.6764120982033616
38,0.8523740478412537
39,0.8743545202163481
40,0.6836988542548508
41,0.8668051397908069
42,0.8586145844366458
43,0.02279873579625116
44,0.06102112852008196
45,0.014220642825827183
46,0.5047846889952153
47,0.04045397306499727
48,0.13642075965792397
49,0.16333626219814318
