time_step,pr_auc
35,0.9470319142957929
36,0.7353802768009681
37,0.7273536868385104
38,0.7799780244126315
39,0.8100867375583329
40,0.6842241272763806
41,0.7963143480591156
42,0.8575813369816216
43,0.02456160658919137
44,0.031232246859910696
45,0.01461899136537677
46,0.017652944539736995
47,0.038938982371494124
48,0.1530736083152711
49,0.18563906151063844
