{
  "model": "graphsage_pyg",
  "feature_set": "local",
  "n_features": 94,
  "hidden_channels": 128,
  "num_layers": 2,
  "num_neighbors": [
    15,
    10
  ],
  "batch_size": 1024,
  "epochs": 12,
  "lr": 0.001,
  "undirected": false,
  "normalize": false,
  "pretrained": "",
  "used_pretrained_scaler": false,
  "train_pos_rate": 0.13042886317222602,
  "val_pos_rate": 0.1975763962065332,
  "test_pos_rate": 0.06496700659868027,
  "val_pr_auc_best": 0.8668440454221313,
  "test_pr_auc": 0.608401057206868,
  "test_roc_auc": 0.8757400824289435,
  "threshold_mode": "target_precision",
  "threshold_selected_on": "val",
  "selected_threshold": 0.7992141842842102,
  "test_precision_at_threshold": 0.4346426271732131,
  "test_recall_at_threshold": 0.6232686980609419,
  "target_precision": 0.8,
  "at_target_precision": {
    "threshold": 0.7992141842842102,
    "precision": 0.800471327572663,
    "recall": 0.9057777777777778,
    "selected_on": "val",
    "mode": "target_precision"
  },
  "eval_mode": "full",
  "val_windows": 3,
  "train_recent_steps": 8
}